,MSE,MAE,R²,RMSE
Linear Regression,37.7018655265649,4.867708294486964,0.6397817235758008,6.140184486362352
Random Forest,37.839012028850796,4.861677137455093,0.6384713725896878,6.151342294885792
